Drew,drew@pzlabs.co
Rhys Amaru,rhys@pzlabs.co
Polly-Anna Germain,polly-anna@pzlabs.co
Willem,willem@pzlabs.co
Vladimir,vlad@pzlabs.co
Kaila Amary,kaila@pzlabs.co
Veronykah Germain,vez@pzlabs.co
Pipso,pip@pzlabs.co
The Sigfig,sigfig@silentmode.tv
Val,val@silentmode.tv
EvilMode,soevil@silentmode.tv
B. Bee,beebs@silentmode.tv
WhiteMode,allwhite@silentmode.tv
Rille,rille_me@silentmode.tv
Alizey,alizey_metal@sirenity.inc
D'Notra,d_earth@sirenity.inc
Josana,jos_fire@sirenity.inc
Rohanna,ro_water@sirenity.inc
Thalise,thal_air@sirenity.inc
